﻿<skin name="VIP云视平台" version="1.0" author="QQ群:37341349" email="253423187@qq.com" url="" readme="仿芒果播放器" show_tips="0" context_menu="0">
  <option xywh="78R, 81R, 324, 268" src="option_bg.png" mask="" lock="1" display="0" group="A" fade="0">
    <pane xywh="16, 45, 16B, 33B" align="left" font="微软雅黑" size="14" color="#DDDDDD, #ffffff" />
    <scrollbar thumb_src="scrollbar_thumb.png" button_src="scrollbar_button.png" track_src="scrollbar_track.png" thumb_icon="nothumbicon.png"/>
    <bt_close xywh="12R, 12, 21, 21" src="bt_close.png" tips="关闭设置" />     
  </option>
  <list xywh="0R, -16C, 291, 70B" src="list_bg.png" mask="" lock="1" display="0" group="A" fade="1">
    <tree xywh="16, 45, 16B, 33B" align="left" font="微软雅黑" size="12" color="#DDDDDD, #ffffff" leftMargin="6" row_height="55" row_src="row.png" show_icon="1"/>
    <scrollbar thumb_src="scrollbar_thumb.png" track_src="scrollbar_track.png" thumb_icon="nothumbicon.png"/>
    <icons bullet="noplaying.png" opened="opened.png" closed="closed.png" playing="playing.png" />
    <bt_close xywh="-9,0C,15,87" src="list_close.png" tips="" />
    <event type="out" target="list" property="display" value="0" />
  </list>
  <lrc xywh="-60R, 0C, 80, 76" src="bt_list.png" mask="" lock="1" display="1" group="A" shadow="1,90,#000000,1,2,2,1,1">
    <text xywh="0, 0, 1, 1" align="center" font="Arial" size="12" leading="0" color="#666666, #ffffff" horizontal="0" max_scale="2" max_button="0" >
      <kmc line_mode="0" time_preview="5000" time_sec3="8000" show_info="1" margin="0" size="12" bold="0" align="center, center" color="#999999, #ffffff" />
    </text>
    <bt_close xywh="" src="" tips="" />
    <event type="over" target="list" property="display" value="1" />  </lrc>
  <console xywh="0C, 24R, 47B, 56" src="console.png" mask="" lock="1" display="1" group="A" snap="true" >
    <bt_play xywh="24, 0C, 24, 24" src="bt_play.png" tips="播放,暂停" />
    <bt_mute xywh="168R, 0C, 24, 24" src="bt_mute.png"  hover_volume="0" tips="静音,打开声音" />
    <volume xywh="94R, 0C, 64, 5" thumb_src="volume_thumb.png" track_src="progress_tarck.png" src="volume_bg.png"  rotation="" tips="音量" />
    <progress xywh="113, 0C, 185B, 5" thumb_src="" track_src="progress_tarck.png" tips="定位"/>
    <indicator xywh="0,-15,50,24" src="tips.png" align="center" font="微软雅黑" size="14" color="#EEEEEE" borderColor="" />
    <bt_option xywh="57R,0C,24,24" src="bt_option.png" tips="关闭选项,打开选项" />
    <bt_fullscreen xywh="17R, 0C, 24, 24" src="bt_fullscreen.png" tips="打开全屏,退出全屏" />
    <time_position xywh="53, 0C, 60, 24" align="center" font="Verdana,微软雅黑" size="14" color="#cccccc" />
    <time_duration xywh="195R, 0C, 60, 24" align="center" font="Verdana,微软雅黑" size="14" color="#cccccc"/> 
  </console>
  <media xywh="0C, 0C, 100P, 100P" src="" mask="" lock="1" display="1" group="A">
    <video xywh="0, 0, 100P, 100P" />
    <bt_close xywh="" src="" tips="" />
    <event type="over" target="console" property="alpha" value="1" />
  </media>
</skin>
